No,Termo de busca,Plataforma,Tipo de modificador,Modificador,Palavra-chave,Idioma,País,Volume,CPC (US$)
1,"la roche posay vitamina C","Google","Ordem alfabética","c","la roche posay vitamina c","pt","br","720","0.24"
2,"la roche posay vitamina C","Google","Ordem alfabética","c","la roche posay vitamina c10","pt","br","90","0.25"
3,"la roche posay vitamina C","Google","Ordem alfabética","c","la roche posay vitamina c para o rosto","pt","br","70","0.19"
4,"la roche posay vitamina C","Google","Ordem alfabética","c","la roche posay vitamina c pura","pt","br","0","-"
5,"la roche posay vitamina C","Google","Ordem alfabética","c","la roche posay vitamina c12","pt","br","0","-"
6,"la roche posay vitamina C","Google","Ordem alfabética","c","la roche posay vitamina c gel de limpeza","pt","br","0","-"
7,"la roche posay vitamina C","Google","Ordem alfabética","c","la roche posay vitamina c serum","pt","br","0","-"
8,"la roche posay vitamina C","Google","Ordem alfabética","c","la roche posay vitamina c oil control","pt","br","0","-"
9,"la roche posay vitamina C","Google","Ordem alfabética","c","la roche posay vitamina c acido salicilico","pt","br","0","-"
10,"la roche posay vitamina C","Google","Ordem alfabética","c","la roche posay vitamina c12 serum","pt","br","0","-"
11,"la roche posay vitamina C","Google","Ordem alfabética","c","la roche posay vitamina c10 serum","pt","br","0","-"
12,"la roche posay vitamina C","Google","Ordem alfabética","c","la roche posay vitamina c para que sirve","pt","br","0","-"
13,"la roche posay vitamina C","Google","Ordem alfabética","c","la roche posay vitamina c precio","pt","br","0","-"
14,"la roche posay vitamina C","Google","Ordem alfabética","c","vitamina c10 e c12 la roche posay diferenças","pt","br","0","-"
15,"la roche posay vitamina C","Google","Ordem alfabética","c","la roche posay vitamina c primor","pt","br","0","-"
16,"la roche posay vitamina C","Google","Ordem alfabética","d","la roche posay vitamina c gel de limpeza","pt","br","20","0.28"
17,"la roche posay vitamina C","Google","Ordem alfabética","d","vitamina c10 e c12 la roche posay diferenças","pt","br","0","-"
18,"la roche posay vitamina C","Google","Ordem alfabética","e","vitamina c10 e c12 la roche posay diferenças","pt","br","0","-"
19,"la roche posay vitamina C","Google","Ordem alfabética","g","la roche posay vitamina c gel de limpeza","pt","br","20","0.28"
20,"la roche posay vitamina C","Google","Ordem alfabética","g","vitamina c la roche posay precio guatemala","pt","br","10","-"
21,"la roche posay vitamina C","Google","Ordem alfabética","g","gel de limpeza facial la roche posay vitamina c","pt","br","10","0.37"
22,"la roche posay vitamina C","Google","Ordem alfabética","g","la roche posay vitamina c gel moussant","pt","br","0","-"
23,"la roche posay vitamina C","Google","Ordem alfabética","g","la roche posay vitamina c gel","pt","br","0","-"
24,"la roche posay vitamina C","Google","Ordem alfabética","g","gel de limpeza la roche posay vitamina c 120g","pt","br","0","-"
25,"la roche posay vitamina C","Google","Ordem alfabética","g","la roche posay gel de limpeza antioxidante com vitamina c 120g","pt","br","0","-"
26,"la roche posay vitamina C","Google","Ordem alfabética","g","la roche posay gel de limpeza antioxidante com vitamina c","pt","br","0","-"
27,"la roche posay vitamina C","Google","Ordem alfabética","g","la roche posay vitamina c piel grasa","pt","br","0","-"
28,"la roche posay vitamina C","Google","Ordem alfabética","g","la roche posay gel limpiador vitamina c","pt","br","0","-"
29,"la roche posay vitamina C","Google","Ordem alfabética","g","la roche posay vitamina c farmacia guadalajara","pt","br","0","-"
30,"la roche posay vitamina C","Google","Ordem alfabética","g","la roche posay gel detergente vitamina c","pt","br","0","-"
31,"la roche posay vitamina C","Google","Ordem alfabética","g","vitamina c la roche posay guatemala","pt","br","0","-"
32,"la roche posay vitamina C","Google","Ordem alfabética","g","gel de limpieza la roche posay vitamina c","pt","br","0","-"
33,"la roche posay vitamina C","Google","Ordem alfabética","g","vitamina c la roche posay precio farmacia guadalajara","pt","br","0","-"
34,"la roche posay vitamina C","Google","Ordem alfabética","l","la roche posay vitamina c gel de limpeza","pt","br","20","0.28"
35,"la roche posay vitamina C","Google","Ordem alfabética","p","la roche posay vitamina c pura","pt","br","70","0.14"
36,"la roche posay vitamina C","Google","Ordem alfabética","p","la roche posay vitamina c para o rosto","pt","br","70","0.19"
37,"la roche posay vitamina C","Google","Ordem alfabética","p","la roche posay vitamina c para que sirve","pt","br","10","-"
38,"la roche posay vitamina C","Google","Ordem alfabética","p","la roche posay vitamina c pura serum","pt","br","0","-"
39,"la roche posay vitamina C","Google","Ordem alfabética","p","la roche posay vitamina c preço","pt","br","0","-"
40,"la roche posay vitamina C","Google","Ordem alfabética","p","la roche posay vitamina c precio","pt","br","0","-"
41,"la roche posay vitamina C","Google","Ordem alfabética","p","la roche posay vitamina c pele oleosa","pt","br","0","-"
42,"la roche posay vitamina C","Google","Ordem alfabética","p","la roche posay vitamina c para que serve","pt","br","0","-"
43,"la roche posay vitamina C","Google","Ordem alfabética","p","la roche posay vitamina c pura para o rosto","pt","br","0","-"
44,"la roche posay vitamina C","Google","Ordem alfabética","p","la roche posay vitamina c para olhos","pt","br","0","-"
45,"la roche posay vitamina C","Google","Ordem alfabética","p","la roche posay vitamina c para o rosto qual a melhor","pt","br","0","-"
46,"la roche posay vitamina C","Google","Ordem alfabética","p","la roche posay vitamina c primor","pt","br","0","-"
47,"la roche posay vitamina C","Google","Ordem alfabética","p","la roche posay vitamina c prezzo","pt","br","0","-"
48,"la roche posay vitamina C","Google","Ordem alfabética","p","la roche posay vitamina c para ojos","pt","br","0","-"
49,"la roche posay vitamina C","Google","Ordem alfabética","p","la roche posay vitamina c piel grasa","pt","br","0","-"
50,"la roche posay vitamina C","Google","Ordem alfabética","s","la roche posay vitamina c12 serum","pt","br","10","-"
51,"la roche posay vitamina C","Google","Ordem alfabética","s","la roche posay vitamina c10 serum","pt","br","10","-"
52,"la roche posay vitamina C","Google","Ordem alfabética","s","la roche posay vitamina c para que sirve","pt","br","10","-"
53,"la roche posay vitamina C","Google","Comparações","vs","vitamina c la roche posay vs vichy","pt","br","10","-"
54,"la roche posay vitamina C","Google","Comparações","vs","vitamina c la roche posay vs avene","pt","br","0","-"
55,"la roche posay vitamina C","Google","Comparações","vs","serum vitamina c la roche posay vs avene","pt","br","0","-"
56,"la roche posay vitamina C","Google","Comparações","vs","vitamina c isdin vs la roche posay","pt","br","0","-"
57,"la roche posay vitamina C","Google","Comparações","vs","vitamina c la roche posay vs the ordinary","pt","br","0","-"
58,"la roche posay vitamina C","Google","Comparações","vs","vitamina c la roche posay vs sesderma","pt","br","0","-"
59,"la roche posay vitamina C","Google","Comparações","vs","vitamina c garnier vs la roche posay","pt","br","0","-"
60,"la roche posay vitamina C","Google","Comparações","vs","vitamina c svr vs la roche posay","pt","br","0","-"
61,"la roche posay vitamina C","Google","Números","1","la roche posay vitamina c 10","pt","br","90","0.15"
62,"la roche posay vitamina C","Google","Números","1","la roche posay vitamina c 12","pt","br","30","0.2"
63,"la roche posay vitamina C","Google","Números","1","la roche posay vitamina c 10 serum","pt","br","10","-"
64,"la roche posay vitamina C","Google","Números","1","la roche posay vitamina c 15ml","pt","br","0","-"
65,"la roche posay vitamina C","Google","Números","1","la roche posay vitamina c 10 ml","pt","br","0","-"
66,"la roche posay vitamina C","Google","Números","1","la roche posay vitamina c 12 serum","pt","br","0","-"
67,"la roche posay vitamina C","Google","Números","1","la roche posay pure vitamina c 10 serum","pt","br","0","-"
68,"la roche posay vitamina C","Google","Números","1","gel de limpeza la roche posay vitamina c 120g","pt","br","0","-"
69,"la roche posay vitamina C","Google","Números","1","la roche posay gel de limpeza antioxidante com vitamina c 120g","pt","br","0","-"
70,"la roche posay vitamina C","Google","Números","1","la roche posay pure niacinamide 10 vitamina c","pt","br","0","-"
71,"la roche posay vitamina C","Google","Números","1","vitamina c la roche posay pure vitamin c 10","pt","br","0","-"
72,"la roche posay vitamina C","Google","Números","1","la roche posay pure vitamin c olhos 15ml vitamina c","pt","br","0","-"
73,"la roche posay vitamina C","Google","Números","1","vitamina c 13 la roche posay","pt","br","0","-"
74,"la roche posay vitamina C","Google","Números","1","la roche posay sérum vitamina c 10 x 30 ml","pt","br","0","-"
75,"la roche posay vitamina C","Google","Números","2","la roche posay vitamina c 20","pt","br","10","-"
76,"la roche posay vitamina C","Google","Números","2","la roche posay vitamina c fps 25","pt","br","0","-"
77,"la roche posay vitamina C","Google","Números","2","la roche posay pure vitamina c uv fps 25","pt","br","0","-"
78,"la roche posay vitamina C","Google","Números","2","la roche posay vitamina c spf 25","pt","br","0","-"
79,"la roche posay vitamina C","Google","Números","2","la roche posay pure vitamina c spf 25","pt","br","0","-"
80,"la roche posay vitamina C","Google","Números","2","gel limpiador facial la roche posay vitamina c 200 ml","pt","br","0","-"
81,"la roche posay vitamina C","Google","Números","3","la roche posay vitamina c 30ml","pt","br","0","-"
82,"la roche posay vitamina C","Google","Números","3","serum vitamina c la roche posay 30ml","pt","br","0","-"
83,"la roche posay vitamina C","Google","Números","3","la roche posay pure vitamin c12 sérum vitamina c 30ml","pt","br","0","-"
84,"la roche posay vitamina C","Google","Números","3","la roche posay sérum vitamina c 10 x 30 ml","pt","br","0","-"
85,"la roche posay vitamina C","Google","Números","3","la roche posay pure vitamina c oil control serum 30ml","pt","br","0","-"
86,"la roche posay vitamina C","Google","Números","3","la roche posay vitamina c serum 30ml * lrp0091","pt","br","0","-"
87,"la roche posay vitamina C","Google","Números","3","serum 10 la roche posay antiarrugas vitamina c mixta 30 ml","pt","br","0","-"
88,"la roche posay vitamina C","Google","Números","3","la roche posay vitamina c 30","pt","br","0","-"
89,"la roche posay vitamina C","Google","Números","4","vitamina c la roche posay 40ml","pt","br","0","-"
90,"la roche posay vitamina C","Google","Números","4","la roche posay pure vitamin c creme 40ml vitamina c","pt","br","0","-"
91,"la roche posay vitamina C","Google","Números","5","vitamina c la roche posay 50 ml","pt","br","0","-"
92,"la roche posay vitamina C","Google","Números","5","la roche posay vitamina c spf 50","pt","br","0","-"
93,"la roche posay vitamina C","Google","Números","5","la roche posay siero vitamina c 50 ml","pt","br","0","-"
94,"la roche posay vitamina C","Google","Preposições","como","la roche posay vitamina c como usar","pt","br","10","-"
95,"la roche posay vitamina C","Google","Preposições","como","la roche posay serum vitamina c como usar","pt","br","10","-"
96,"la roche posay vitamina C","Google","Preposições","para","la roche posay vitamina c para o rosto","pt","br","70","0.19"
97,"la roche posay vitamina C","Google","Preposições","para","la roche posay vitamina c para que sirve","pt","br","10","-"
98,"la roche posay vitamina C","Google","Preposições","para","la roche posay vitamina c serum para que sirve","pt","br","10","-"
99,"la roche posay vitamina C","Google","Preposições","para","la roche posay vitamina c para que serve","pt","br","0","-"
100,"la roche posay vitamina C","Google","Preposições","para","la roche posay vitamina c para olhos","pt","br","0","-"
101,"la roche posay vitamina C","Google","Preposições","para","la roche posay vitamina c para o rosto qual a melhor","pt","br","0","-"
102,"la roche posay vitamina C","Google","Preposições","para","la roche posay vitamina c para ojos","pt","br","0","-"
103,"la roche posay vitamina C","Google","Preposições","para","la roche posay vitamina c pura para o rosto","pt","br","0","-"
104,"la roche posay vitamina C","Google","Perguntas","como","como usar la roche posay vitamina c","pt","br","0","-"
105,"la roche posay vitamina C","Google","Termos relacionados","-","la roche posay vitamina c","pt","br","720","0.24"
106,"la roche posay vitamina C","Google","Termos relacionados","-","la roche posay vitamina c pura","pt","br","70","0.14"
107,"la roche posay vitamina C","Google","Termos relacionados","-","la roche posay vitamina c 12","pt","br","30","0.2"
108,"la roche posay vitamina C","Google","Termos relacionados","-","la roche posay vitamina c gel de limpeza","pt","br","0","-"
109,"la roche posay vitamina C","Google","Termos relacionados","-","la roche posay vitamina c como usar","pt","br","0","-"
110,"la roche posay vitamina C","Google","Termos relacionados","-","la roche posay vitamina c serum","pt","br","0","-"
111,"la roche posay vitamina C","Google","Termos relacionados","-","la roche posay vitamina c retinol","pt","br","0","-"
112,"la roche posay vitamina C","Google","Termos relacionados","-","la roche posay vitamina c gel moussant","pt","br","0","-"
113,"la roche posay vitamina C","Google","Termos relacionados","-","la roche posay vitamina c acido hialuronico","pt","br","0","-"
114,"la roche posay vitamina C","Google","Termos relacionados","-","la roche posay vitamina c fps 25","pt","br","0","-"
115,"la roche posay vitamina C","Google","Termos relacionados","-","la roche posay vitamina c spf 25","pt","br","0","-"
116,"la roche posay vitamina C","Google","Termos relacionados","-","la roche posay vitamina c serum amazon","pt","br","0","-"
117,"la roche posay vitamina C","Google","Termos relacionados","-","la roche posay vitamina c yeux","pt","br","0","-"
118,"la roche posay vitamina C","Bing","Ordem alfabética","c","la roche posay vitamina c","pt","br","720","0.24"
119,"la roche posay vitamina C","Bing","Ordem alfabética","c","la roche posay vitamina c pura","pt","br","70","0.14"
120,"la roche posay vitamina C","Bing","Ordem alfabética","c","la roche posay vitamina c 12","pt","br","30","0.2"
121,"la roche posay vitamina C","Bing","Ordem alfabética","c","la roche posay vitamina c crema","pt","br","0","-"
122,"la roche posay vitamina C","Bing","Ordem alfabética","c","la roche posay vitamina c serum","pt","br","0","-"
123,"la roche posay vitamina C","Bing","Ordem alfabética","c","la roche posay siero vitamina c","pt","br","0","-"
124,"la roche posay vitamina C","Bing","Ordem alfabética","c","vitamina c12 la roche posay","pt","br","0","-"
125,"la roche posay vitamina C","Bing","Ordem alfabética","c","vitamina c la roche posay oil control","pt","br","0","-"
126,"la roche posay vitamina C","Bing","Ordem alfabética","d","vitamina c de la roche posay","pt","br","10","-"
127,"la roche posay vitamina C","Bing","Ordem alfabética","g","vitamina c gel de limpeza la roche posay","pt","br","0","-"
128,"la roche posay vitamina C","Bing","Ordem alfabética","l","vitamina c gel de limpeza la roche posay","pt","br","0","-"
129,"la roche posay vitamina C","Bing","Ordem alfabética","m","la roche posay detergente vitamina c minsan","pt","br","0","-"
130,"la roche posay vitamina C","Bing","Ordem alfabética","n","vitamina c la roche posay nova","pt","br","0","-"
131,"la roche posay vitamina C","Bing","Ordem alfabética","p","la roche posay vitamina c pura","pt","br","70","0.14"
132,"la roche posay vitamina C","Bing","Ordem alfabética","p","pure vitamina c la roche posay","pt","br","50","0.32"
133,"la roche posay vitamina C","Bing","Ordem alfabética","p","vitamina c la roche posay precio","pt","br","10","-"
134,"la roche posay vitamina C","Bing","Ordem alfabética","p","sérum vitamina c la roche posay precio","pt","br","0","-"
135,"la roche posay vitamina C","Bing","Ordem alfabética","r","siero vitamina c la roche posay recensioni","pt","br","0","-"
136,"la roche posay vitamina C","Bing","Ordem alfabética","s","la roche posay vitamina c serum","pt","br","10","0.15"
137,"la roche posay vitamina C","Bing","Ordem alfabética","v","la roche posay crema viso vitamina c","pt","br","0","-"
138,"la roche posay vitamina C","Bing","Números","1","la roche posay vitamina c 12","pt","br","30","0.2"
139,"la roche posay vitamina C","Bing","Números","1","la roche posay siero vitamina c 10","pt","br","0","-"
140,"la roche posay vitamina C","Bing","Números","3","vitamina c la roche posay 30ml","pt","br","40","0.28"
141,"la roche posay vitamina C","YouTube","Ordem alfabética","d","serum de vitamina c la roche posay","pt","br","10","-"
142,"la roche posay vitamina C","YouTube","Ordem alfabética","d","vitamina c de la roche posay","pt","br","10","-"
143,"la roche posay vitamina C","YouTube","Ordem alfabética","d","vitamina c10 da la roche posay","pt","br","0","-"
144,"la roche posay vitamina C","YouTube","Ordem alfabética","f","serum vitamina c la roche posay original vs fake","pt","br","0","-"
145,"la roche posay vitamina C","YouTube","Ordem alfabética","o","vitamina c oil control la roche posay","pt","br","10","-"
146,"la roche posay vitamina C","YouTube","Ordem alfabética","o","serum vitamina c la roche posay original vs fake","pt","br","0","-"
147,"la roche posay vitamina C","YouTube","Ordem alfabética","p","vitamina c pura la roche posay","pt","br","90","0.18"
148,"la roche posay vitamina C","YouTube","Ordem alfabética","p","pure vitamina c la roche posay crema","pt","br","10","-"
149,"la roche posay vitamina C","YouTube","Ordem alfabética","s","serum la roche posay vitamina c","pt","br","40","0.17"
150,"la roche posay vitamina C","YouTube","Ordem alfabética","s","la roche posay serum vitamina c 10","pt","br","10","-"
151,"la roche posay vitamina C","YouTube","Ordem alfabética","s","siero vitamina c la roche posay","pt","br","10","-"
152,"la roche posay vitamina C","YouTube","Ordem alfabética","s","vitamina c sesderma vs la roche posay","pt","br","0","-"
153,"la roche posay vitamina C","YouTube","Ordem alfabética","s","serum vitamina c la roche posay original vs fake","pt","br","0","-"
154,"la roche posay vitamina C","YouTube","Ordem alfabética","u","vitamina c la roche posay como usar","pt","br","10","-"
155,"la roche posay vitamina C","YouTube","Ordem alfabética","v","vitamina c la roche posay vs vichy","pt","br","10","-"
156,"la roche posay vitamina C","YouTube","Ordem alfabética","v","vitamina c sesderma vs la roche posay","pt","br","10","-"
157,"la roche posay vitamina C","YouTube","Ordem alfabética","v","serum vitamina c la roche posay original vs fake","pt","br","0","-"
158,"la roche posay vitamina C","YouTube","Comparações","vs","vitamina c la roche posay vs vichy","pt","br","10","-"
159,"la roche posay vitamina C","YouTube","Comparações","vs","vitamina c sesderma vs la roche posay","pt","br","10","-"
160,"la roche posay vitamina C","YouTube","Comparações","vs","serum vitamina c la roche posay original vs fake","pt","br","0","-"
161,"la roche posay vitamina C","YouTube","Números","1","la roche posay serum vitamina c 10","pt","br","10","-"
162,"la roche posay vitamina C","YouTube","Preposições","como","vitamina c la roche posay como usar","pt","br","0","-"
163,"la roche posay vitamina C","YouTube","Perguntas","como","como usar vitamina c la roche posay","pt","br","10","-"
164,"la roche posay vitamina C","YouTube","Perguntas","como","como usar serum vitamina c la roche posay","pt","br","10","-"
165,"la roche posay vitamina C","YouTube","Perguntas","como","como aplicar serum vitamina c la roche posay","pt","br","10","-"
166,"la roche posay vitamina C","YouTube","Perguntas","como","como aplicar la vitamina c de la roche posay","pt","br","0","-"
167,"la roche posay vitamina C","TikTok","Ordem alfabética","b","vitamina b5 la roche posay","pt","br","10","-"
168,"la roche posay vitamina C","TikTok","Ordem alfabética","b","la roche posay vitamina c brightning cleanser","pt","br","0","-"
169,"la roche posay vitamina C","TikTok","Ordem alfabética","l","la roche posay vitamina c limpiador","pt","br","0","-"
170,"la roche posay vitamina C","TikTok","Ordem alfabética","o","la roche posay vitamina c oxidada","pt","br","0","-"
171,"la roche posay vitamina C","TikTok","Ordem alfabética","o","la roche posay vitamina c oil","pt","br","0","-"
172,"la roche posay vitamina C","TikTok","Ordem alfabética","p","pure vitamina c la roche posay","pt","br","10","-"
173,"la roche posay vitamina C","TikTok","Ordem alfabética","p","la roche posay vitamina c parablod ojeras","pt","br","0","-"
174,"la roche posay vitamina C","TikTok","Ordem alfabética","q","que tal es la vitamina c de roche posay","pt","br","0","-"
175,"la roche posay vitamina C","TikTok","Ordem alfabética","t","la roche posay vitamina c test","pt","br","0","-"
176,"la roche posay vitamina C","TikTok","Ordem alfabética","t","la roche posay vitamina c te mantoene joven","pt","br","0","-"
177,"la roche posay vitamina C","TikTok","Números","1","la roche posay vitamina c 12","pt","br","0","-"
178,"la roche posay vitamina C","TikTok","Números","1","la roche posay vitamina c 1","pt","br","0","-"
179,"la roche posay vitamina C","TikTok","Números","1","la roche posay vitamina c 12 pure","pt","br","0","-"
180,"la roche posay vitamina C","TikTok","Preposições","como","vitamina c la roche posay como usar","pt","br","20","-"
181,"la roche posay vitamina C","TikTok","Preposições","para","vitamina c la roche posay para qué sirve","pt","br","0","-"
182,"la roche posay vitamina C","TikTok","Perguntas","como","vitamina c la roche posay como usar","pt","br","20","-"
183,"la roche posay vitamina C","Amazon","Ordem alfabética","c","vitamina c la roche posay","pt","br","1.0K","0.25"
184,"la roche posay vitamina C","Amazon","Ordem alfabética","c","serum vitamina c la roche posay","pt","br","110","0.22"
185,"la roche posay vitamina C","Amazon","Ordem alfabética","c","vitamina c la roche posay 30ml","pt","br","40","0.28"
186,"la roche posay vitamina C","Amazon","Ordem alfabética","c","vitamina c 12 la roche posay","pt","br","0","-"
187,"la roche posay vitamina C","Amazon","Ordem alfabética","c","la roche posay gel de limpeza vitamina c","pt","br","0","-"
188,"la roche posay vitamina C","Amazon","Ordem alfabética","c","vitamina c facial la roche posay","pt","br","0","-"
189,"la roche posay vitamina C","Amazon","Ordem alfabética","c","la roche posay vitamina c creme","pt","br","0","-"
190,"la roche posay vitamina C","Amazon","Ordem alfabética","c","vitamina c facial la roche posay c12","pt","br","0","-"
191,"la roche posay vitamina C","Amazon","Ordem alfabética","d","la roche posay gel de limpeza vitamina c","pt","br","20","0.23"
192,"la roche posay vitamina C","Amazon","Ordem alfabética","f","vitamina c facial la roche posay","pt","br","10","0.14"
193,"la roche posay vitamina C","Amazon","Ordem alfabética","f","la roche posay vitamina c fps 25","pt","br","0","-"
194,"la roche posay vitamina C","Amazon","Ordem alfabética","f","vitamina c facial la roche posay c12","pt","br","0","-"
195,"la roche posay vitamina C","Amazon","Ordem alfabética","f","sabonete facial la roche posay vitamina c","pt","br","0","-"
196,"la roche posay vitamina C","Amazon","Ordem alfabética","f","la roche posay sabonete facial com vitamina c","pt","br","0","-"
197,"la roche posay vitamina C","Amazon","Ordem alfabética","g","la roche posay gel de limpeza vitamina c","pt","br","20","0.23"
198,"la roche posay vitamina C","Amazon","Ordem alfabética","l","la roche posay gel de limpeza vitamina c","pt","br","20","0.23"
199,"la roche posay vitamina C","Amazon","Ordem alfabética","m","vitamina c la roche posay c12 30 ml","pt","br","0","-"
200,"la roche posay vitamina C","Amazon","Ordem alfabética","m","vitamina c la roche posay c10 30 ml","pt","br","0","-"
201,"la roche posay vitamina C","Amazon","Ordem alfabética","m","serum vitamina c la roche posay 30 ml","pt","br","0","-"
202,"la roche posay vitamina C","Amazon","Ordem alfabética","o","la roche posay vitamina c olhos","pt","br","20","0.15"
203,"la roche posay vitamina C","Amazon","Ordem alfabética","o","la roche posay vitamina c oil control","pt","br","10","-"
204,"la roche posay vitamina C","Amazon","Ordem alfabética","o","vitamina c 12 oil control - la roche posay","pt","br","0","-"
205,"la roche posay vitamina C","Amazon","Ordem alfabética","p","la roche posay vitamina c pura","pt","br","70","0.14"
206,"la roche posay vitamina C","Amazon","Ordem alfabética","s","serum vitamina c la roche posay","pt","br","110","0.22"
207,"la roche posay vitamina C","Amazon","Ordem alfabética","s","sabonete facial la roche posay vitamina c","pt","br","0","-"
208,"la roche posay vitamina C","Amazon","Ordem alfabética","s","vitamina c la roche posay pele seca","pt","br","0","-"
209,"la roche posay vitamina C","Amazon","Ordem alfabética","s","la roche posay sabonete facial com vitamina c","pt","br","0","-"
210,"la roche posay vitamina C","Amazon","Ordem alfabética","s","serum vitamina c la roche posay 30 ml","pt","br","0","-"
211,"la roche posay vitamina C","Amazon","Ordem alfabética","s","sabonete la roche posay vitamina c","pt","br","0","-"
212,"la roche posay vitamina C","Amazon","Números","1","la roche posay vitamina c 10","pt","br","90","0.15"
213,"la roche posay vitamina C","Amazon","Números","1","vitamina c 12 la roche posay","pt","br","20","0.15"
214,"la roche posay vitamina C","Amazon","Números","1","vitamina c la roche posay 15ml","pt","br","0","-"
215,"la roche posay vitamina C","Amazon","Números","1","vitamina c 12 oil control - la roche posay","pt","br","0","-"
216,"la roche posay vitamina C","Amazon","Números","2","la roche posay vitamina c fps 25","pt","br","0","-"
217,"la roche posay vitamina C","Amazon","Números","3","vitamina c la roche posay 30ml","pt","br","40","0.28"
218,"la roche posay vitamina C","Amazon","Números","3","vitamina c la roche posay c12 30 ml","pt","br","0","-"
219,"la roche posay vitamina C","Amazon","Números","3","vitamina c la roche posay c10 30 ml","pt","br","0","-"
220,"la roche posay vitamina C","Amazon","Números","3","serum vitamina c la roche posay 30 ml","pt","br","0","-"
221,"la roche posay vitamina C","Amazon","Preposições","com","la roche posay sabonete facial com vitamina c","pt","br","0","-"
